"";"Coord. facteur 1";"Coord. facteur 2";"Coord. facteur 3";"Coord. facteur 4";"Coord. facteur 5";"Coord. facteur 6";"Corr. facteur 1";"Corr. facteur 2";"Corr. facteur 3";"Corr. facteur 4";"Corr. facteur 5";"Corr. facteur 6";"COR -facteur 1";"COR -facteur 2";"COR -facteur 3";"COR -facteur 4";"COR -facteur 5";"COR -facteur 6";"CTR -facteur 1";"CTR -facteur 2";"CTR -facteur 3";"CTR -facteur 4";"CTR -facteur 5";"CTR -facteur 6";"mass";"chi.distance";"inertie"
"num";-1,53104792197708;-1,28087384170345;0,836154548227895;0,304137271794265;2,47231101144087;-2,44588846012128;-0,372749606296123;-0,311842113729155;0,20357055725087;0,0740453951140182;0,601909935625093;-0,595477089559113;0,865960059842024;0,0644392201477874;0,0114090498874335;0,00113372132409385;0,0423650313200888;0,014259390213611;0,0764574181854909;0,0535124423388363;0,0228042174083954;0,00301704196982085;0,199364701246169;0,195126096219712;0,0326168532703093;0,143248201144381;0,000669299366374958
"nom";0,109810459083472;0,979472906116457;0,221564987579086;-0,128370557413665;0,311215602478041;-0,198522434905594;0,101378586153115;0,904263393725447;0,204551964988381;-0,118513534347326;0,287318694697659;-0,183278750843801;0,101444792894906;0,858112976941036;0,0182431859311655;0,00459959856753548;0,0152878390367885;0,00213928623467539;0,00267114547139618;0,212517638035044;0,010874577476677;0,00365040440723193;0,0214552139491597;0,00873030291284007;0,221518563314691;0,0300177509990624;0,000199602707331853
"adj";-0,260301166665538;0,579460027363353;1,51500848117513;0,334358225781324;-1,63881863918762;0,168372253315162;-0,110744873639851;0,246530694932129;0,644558858342047;0,142252376118527;-0,697233767486963;0,0716338084715671;0,259063789942062;0,136495621570813;0,38765080205068;0,0141816002760325;0,192662551487216;0,000699363396562781;0,00489881139763445;0,0242764654485564;0,1659466992462;0,00808281268712152;0,194178114604239;0,00204964920538458;0,0723000321439593;0,0445268610918778;0,000143345033963619
"con";0,657792634765614;-0,234622888422417;0,0581431072030122;-0,602697011154193;0,748995252730566;-1,06822521606676;0,411404753254257;-0,146740730159771;0,0363645766280348;-0,376946171264626;0,468445815371626;-0,66810254206102;0,921874654839896;0,0124695817336083;0,000318160609159693;0,0256766681536832;0,022425029591371;0,0156865297690058;0,0313498880134012;0,00398840025226208;0,000244937034237351;0,0263181923358796;0,0406458407340082;0,0826767948713034;0,0724532683136823;0,0596488935761101;0,000257788040705728
"pre";0,160711306371378;0,661866278056255;-0,378640517812224;0,960399065942631;-0,0481373837416933;0,492550845755239;0,120642926903461;0,496850450701255;-0,284238248972658;0,720953347507008;-0,0361358201808958;0,369748569794902;0,232038939475376;0,418432864950402;0,0568955438641558;0,274927509395226;0,000390583602833881;0,0140629849568128;0,00397696592108289;0,0674527275481056;0,0220756336157382;0,142024237006828;0,000356799282449314;0,0373560669485756;0,153978117874964;0,0290479386652091;0,000129924078308018
"nr";-1,96717352211716;-1,12418827129707;-0,426840960889151;0,0576461561529998;-0,18016389699588;0,636667733518383;-0,819876856208442;-0,468538202296192;-0,177898401528985;0,0240257144313106;-0,0750885510660335;0,265349819900288;0,96370218601852;0,0334620754030149;0,00200422167571166;2,74564852625597e-05;0,000151661054212536;0,000651314203245971;0,499698029593052;0,163192575471685;0,0235263456981093;0,00042910443593668;0,00419138766401854;0,0523417184502273;0,129128556593681;0,174469923903281;0,00393064154187066
"sw";-0,415228171635625;0,546382311012617;0,765912786587256;-2,59099396974965;-0,564884253138202;0,831614649537994;-0,140120772697658;0,184379377020216;0,258461007240615;-0,874343558304811;-0,19062294767399;0,280632421497189;0,363750302160445;0,0669638279682395;0,0546694184149689;0,46990414470745;0,0126307665965171;0,00941415550364925;0,0049016095243965;0,00848708106832218;0,0166772227319005;0,190852517726587;0,00907160278986937;0,0196611696876131;0,0284292294786478;0,0599424449573026;0,000102148970835333
"ver";0,776345548353032;-0,17560026372932;0,150746705835392;-0,947881301802321;0,352203350260584;0,716102453864405;0,524414015916445;-0,118616303904411;0,10182796251105;-0,640284781879399;0,237910005050212;0,483720379971684;0,937406857944621;0,00509900678521841;0,00156124020514493;0,0463631180235443;0,0036198117909623;0,00514606989898951;0,054386446046639;0,00278247245497108;0,00205057759197227;0,0810752802837323;0,0111935414462092;0,0462733423459872;0,0902361476284386;0,0698136472540174;0,000439806051495621
"art_def";0,191080218906118;0,22430135554619;-1,03040432277257;0,251983762661806;0,0246939957489035;-0,373637530752257;0,16431779429609;0,192886025628228;-0,886087353889479;0,216691274042138;0,0212353897072436;-0,32130638781408;0,397769920317662;0,0582749009959522;0,510942343074568;0,0229505089988696;0,000124641953942388;0,00981315885872361;0,00420617181505539;0,00579587946533582;0,122312513961162;0,00731476977700249;7,02486991857519e-05;0,0160826101743335;0,115200814218606;0,0263784385620406;8,01592633671356e-05
"adv";2,02595440439106;-2,65452515835492;-0,423709774448692;1,85884885857063;-1,25976375485915;-1,77137810659191;0,458663339769245;-0,600967806577318;-0,0959252290280062;0,42083169480535;-0,285202593835083;-0,401028866495033;0,81471888806235;0,148709739296495;0,00157413323954226;0,0227553405613982;0,0059102751703599;0,00401863313691585;0,0682842001581476;0,117228871462643;0,00298674302501796;0,0574842740078214;0,0264021388411513;0,0522015547522882;0,0166364589473174;0,195422739935027;0,000635347153831602
"pro_dem";0,276005947214073;-1,71081177102448;2,99548102301787;-3,19961168517996;-2,29479229866026;-0,745733156700229;0,0521270311884754;-0,323107307816941;0,56573249340251;-0,604285015550861;-0,433399029733797;-0,140840644594672;0,0597837002434578;0,244212360162149;0,31105352688013;0,266555219177517;0,0775378422969316;0,00281591915731662;0,000673637864379395;0,0258817757258743;0,0793455829714997;0,0905282569707913;0,0465667981461557;0,00491763755014059;0,00884279608257077;0,0982825390775552;8,54166128304996e-05
"ver_sup";1,77985592769165;-1,74523841734547;-1,71072857164519;-0,508646451597501;-1,05667004292241;0,118374922518704;0,548502309571696;-0,537834151502785;-0,527199172696319;-0,156750751066977;-0,325636446175645;0,0364798731103409;0,866755294431407;0,0886040560684775;0,0353708173293564;0,00234858116363604;0,00573174191822841;2,47373734106984e-05;0,0902005758667983;0,0867259648914354;0,0833300858346604;0,00736667736821013;0,0317920404182887;0,000398987258689239;0,0284734185136377;0,166450813183392;0,000788880923177382
"pro_pos";2,46385546899124;-2,63518562287106;4,73450352560443;4,37443025508106;2,50130495810527;1,60584120744995;0,309432893470314;-0,330950058710309;0,59460108091202;0,549379875625582;0,314136133543192;0,201675827794616;0,708513345237098;0,0861702341236559;0,115563993203068;0,074098139238643;0,0137003574602538;0,00194191465517692;0,0480995363673559;0,0550215547834184;0,177606690675146;0,151618929804914;0,0495728310329578;0,0204322234704087;0,00792337906423304;0,25485346013778;0,000514625737450893
"adv_sup";1,51720396563483;-1,74156891904202;0,258099140875256;1,51017870098877;-5,25466136105858;-5,79871336592409;0,182757503649385;-0,20978378338492;0,0310897913193077;0,181911262894503;-0,63295958527773;-0,698494337701779;0,6693596688878;0,0937713575845072;0,000855659140243074;0,0220026512478537;0,150640622327734;0,0630873450693293;0,0119610162555573;0,0157601908798796;0,000346141172219663;0,0118505040742164;0,143472811281069;0,174720323807569;0,00519613160634982;0,161459469827487;0,000135458788289716
"adj_ind";1,42307387180905;-1,41588389710596;-2,49609458226339;0,694061449945556;0,648579108337611;1,92435914402363;0,369089766239114;-0,367224967696328;-0,647389418166434;0,180012424787432;0,168216082261134;0,49910358182944;0,786744210183647;0,082803981698494;0,10691947418062;0,00620899403545011;0,00306609501322573;0,00928235740107027;0,0181272856409533;0,0179445748561858;0,0557699125746391;0,00431195018344745;0,00376533654146441;0,0331474515175999;0,00895113049093305;0,139688286678704;0,000174661775108513
"pro";4,23540318009573;-2,88265497809423;-5,85959725265684;-10,3495707079736;2,00686985105253;1,10344686629912;0,322065775002447;-0,219200975705835;-0,445571684709477;-0,786995327073158;0,152605092461036;0,0839075892086888;0,745386832210926;0,0367108804150783;0,0630207846769597;0,147667051108376;0,00313986987025135;0,000326439283301033;0,0265679403730063;0,0123070425375311;0,0508515159788462;0,158640124896857;0,00596494973700694;0,00180331345239439;0,00148104539853164;0,427123261047295;0,000270193451117526
"pron_dem";3,99768533749369;-11,0057288942131;-1,61383578785591;-10,5622853340234;1,27982030776223;18,9355214584242;0,161667424289061;-0,445074510007991;-0,065263934757743;-0,427141538265302;0,0517562627474006;0,765757362902635;0,456113224991789;0,367544849477181;0,00328344848905417;0,105637465240521;0,000877070445476822;0,0660263597637308;0,000410055407400831;0,00310787075544363;6,68257763236024e-05;0,00286247116001473;4,20265096619197e-05;0,0091998313863939;2,56581493489601e-05;0,515372923975003;6,81504182463338e-06
"adj_sup";-1,37239517229077;-2,41259460051077;3,81025039976185;-6,10242246615465;-2,96057415446554;-8,09648815447277;-0,118654430918673;-0,208587909037339;0,32942632120073;-0,527602748513237;-0,255965081037325;-0,700005518676662;0,378551779362022;0,124380672760027;0,128893209062058;0,248323716610645;0,0330521601173891;0,0850095393821416;0,00237939987874609;0,00735322364150317;0,0183407084165139;0,0470450150998193;0,011072889315696;0,0828137481866142;0,00126330749225088;0,194207438063317;4,76475736662822e-05
"pro_per";3,26684663889656;-4,79996015034876;4,73202999861166;-0,479933941932355;2,76347755864422;5,6241536064549;0,334113993710926;-0,490911889279263;0,483964390115991;-0,0490848404535479;0,282632344186505;0,575205582142374;0,737718574584394;0,169326822134557;0,068372943310741;0,000528254110630879;0,00990435369218318;0,0141076584297236;0,0461633651324291;0,099658702619424;0,0968578765830182;0,00099632928551823;0,0330332914985023;0,136821489053192;0,00432553634441219;0,331156063471326;0,000474357081321897
"adl";-3,77591896214097;8,10634598227566;24,2063022883203;-4,21644690730814;4,56589772498823;-6,86930300478447;-0,137718446077835;0,295661369653787;0,882872320582751;-0,153785746427916;0,166531206294523;-0,250542912849039;0,292241041798992;0,143206726879053;0,530528666620746;0,0120902666768897;0,00801732092307283;0,00624063222281337;0,00112795334561655;0,0051987158206464;0,0463556538961994;0,00140649787070037;0,00164929432669156;0,00373311315218279;7,91126271592936e-05;0,608136940364678;2,92582654835944e-05
"pro_rel";-0,0854129969562519;-2,9790590457526;1,13962233010957;1,8632193353172;-13,5983198214997;3,8870329693447;-0,0058431407995035;-0,203798743454498;0,0779620663176025;0,127463656639891;-0,930267057534577;0,265913640096559;0,0014711817372024;0,190280330060263;0,0115690148319237;0,023226998893598;0,699632440784251;0,0196590359663634;6,48911296300506e-06;0,00789397298054638;0,00115520567572154;0,00308791529089703;0,164478037590475;0,0134392137632852;0,00088948251076395;0,193883174323031;3,34362571291506e-05
"pron";8,25929573531135;-8,30942989682734;-1,91867346356135;0,845254590144764;5,43167283709435;-10,9488008423696;0,484137160683838;-0,487075887106461;-0,112467352265477;0,0495464952996069;0,318389696820228;-0,641788540160299;0,828331772272679;0,0891411048166454;0,00197458801834624;0,00028783267404525;0,00672150499077813;0,00939201468578552;0,00345197157153784;0,00349400589277206;0,000186287328540479;3,61539915694565e-05;0,00149296072696324;0,00606616597536752;5,06035723271157e-05;0,790114770149468;3,15908664476168e-05
"interj";-0,494259849706179;34,2424115749859;28,4304674954385;-1,23025459992103;21,6570093482138;4,49360478194392;-0,00994140435419037;0,688742287547553;0,571842470147716;-0,0247449968750006;0,435603027761741;0,0903831095562069;0,00140802005540588;0,718528718740272;0,205789044463251;0,00028942423956958;0,0507196415612007;0,000750922791733904;8,70569600337172e-08;0,000417851069578033;0,000288045327262277;5,39365082190482e-07;0,000167143618607511;7,19585789672639e-06;3,56363185402224e-07;1,14683314423435;4,68698219792858e-07
